--------------------------------------------------------
--  Datei erstellt -Freitag-Oktober-26-2012   
--------------------------------------------------------
--------------------------------------------------------
--  DDL for Table PREISEAB
--------------------------------------------------------

  CREATE TABLE "SUPERKIGAV"."PREISEAB" 
   (	"NETTO" VARCHAR2(6 BYTE), 
	"ZWEI" VARCHAR2(5 BYTE), 
	"DREI" VARCHAR2(5 BYTE), 
	"VIER" VARCHAR2(5 BYTE), 
	"FUENF" VARCHAR2(5 BYTE), 
	"SECHS" VARCHAR2(5 BYTE)
   ) PCTFREE 10 PCTUSED 40 INITRANS 1 MAXTRANS 255 NOCOMPRESS LOGGING
  STORAGE(INITIAL 65536 NEXT 1048576 MINEXTENTS 1 MAXEXTENTS 2147483645
  PCTINCREASE 0 FREELISTS 1 FREELIST GROUPS 1 BUFFER_POOL DEFAULT)
  TABLESPACE "USERS" ;
--------------------------------------------------------
--  DDL for Table PREISEAHH
--------------------------------------------------------

  CREATE TABLE "SUPERKIGAV"."PREISEAHH" 
   (	"NETTO" NUMBER(*,0), 
	"ZWEI" NUMBER(*,0), 
	"DREI" NUMBER(*,0), 
	"VIER" NUMBER(*,0), 
	"FUENF" NUMBER(*,0), 
	"SECHS" NUMBER(*,0)
   ) PCTFREE 10 PCTUSED 40 INITRANS 1 MAXTRANS 255 NOCOMPRESS LOGGING
  STORAGE(INITIAL 65536 NEXT 1048576 MINEXTENTS 1 MAXEXTENTS 2147483645
  PCTINCREASE 0 FREELISTS 1 FREELIST GROUPS 1 BUFFER_POOL DEFAULT)
  TABLESPACE "USERS" ;
--------------------------------------------------------
--  DDL for Table PREISEBB
--------------------------------------------------------

  CREATE TABLE "SUPERKIGAV"."PREISEBB" 
   (	"NETTO" VARCHAR2(6 BYTE), 
	"ZWEI" VARCHAR2(5 BYTE), 
	"DREI" VARCHAR2(5 BYTE), 
	"VIER" VARCHAR2(5 BYTE), 
	"FUENF" VARCHAR2(5 BYTE), 
	"SECHS" VARCHAR2(5 BYTE)
   ) PCTFREE 10 PCTUSED 40 INITRANS 1 MAXTRANS 255 NOCOMPRESS LOGGING
  STORAGE(INITIAL 65536 NEXT 1048576 MINEXTENTS 1 MAXEXTENTS 2147483645
  PCTINCREASE 0 FREELISTS 1 FREELIST GROUPS 1 BUFFER_POOL DEFAULT)
  TABLESPACE "USERS" ;
--------------------------------------------------------
--  DDL for Table PREISEBHH
--------------------------------------------------------

  CREATE TABLE "SUPERKIGAV"."PREISEBHH" 
   (	"NETTO" NUMBER(*,0), 
	"ZWEI" NUMBER(*,0), 
	"DREI" NUMBER(*,0), 
	"VIER" NUMBER(*,0), 
	"FUENF" NUMBER(*,0), 
	"SECHS" NUMBER(*,0)
   ) PCTFREE 10 PCTUSED 40 INITRANS 1 MAXTRANS 255 NOCOMPRESS LOGGING
  STORAGE(INITIAL 65536 NEXT 1048576 MINEXTENTS 1 MAXEXTENTS 2147483645
  PCTINCREASE 0 FREELISTS 1 FREELIST GROUPS 1 BUFFER_POOL DEFAULT)
  TABLESPACE "USERS" ;
--------------------------------------------------------
--  DDL for Table PREISECB
--------------------------------------------------------

  CREATE TABLE "SUPERKIGAV"."PREISECB" 
   (	"NETTO" VARCHAR2(6 BYTE), 
	"ZWEI" VARCHAR2(5 BYTE), 
	"DREI" VARCHAR2(5 BYTE), 
	"VIER" VARCHAR2(5 BYTE), 
	"FUENF" VARCHAR2(5 BYTE), 
	"SECHS" VARCHAR2(5 BYTE)
   ) PCTFREE 10 PCTUSED 40 INITRANS 1 MAXTRANS 255 NOCOMPRESS LOGGING
  STORAGE(INITIAL 65536 NEXT 1048576 MINEXTENTS 1 MAXEXTENTS 2147483645
  PCTINCREASE 0 FREELISTS 1 FREELIST GROUPS 1 BUFFER_POOL DEFAULT)
  TABLESPACE "USERS" ;
--------------------------------------------------------
--  DDL for Table PREISECHH
--------------------------------------------------------

  CREATE TABLE "SUPERKIGAV"."PREISECHH" 
   (	"NETTO" NUMBER(*,0), 
	"ZWEI" NUMBER(*,0), 
	"DREI" NUMBER(*,0), 
	"VIER" NUMBER(*,0), 
	"FUENF" NUMBER(*,0), 
	"SECHS" NUMBER(*,0)
   ) PCTFREE 10 PCTUSED 40 INITRANS 1 MAXTRANS 255 NOCOMPRESS LOGGING
  STORAGE(INITIAL 65536 NEXT 1048576 MINEXTENTS 1 MAXEXTENTS 2147483645
  PCTINCREASE 0 FREELISTS 1 FREELIST GROUPS 1 BUFFER_POOL DEFAULT)
  TABLESPACE "USERS" ;
--------------------------------------------------------
--  DDL for Table PREISEDB
--------------------------------------------------------

  CREATE TABLE "SUPERKIGAV"."PREISEDB" 
   (	"NETTO" VARCHAR2(6 BYTE), 
	"ZWEI" VARCHAR2(5 BYTE), 
	"DREI" VARCHAR2(5 BYTE), 
	"VIER" VARCHAR2(5 BYTE), 
	"FUENF" VARCHAR2(5 BYTE), 
	"SECHS" VARCHAR2(5 BYTE)
   ) PCTFREE 10 PCTUSED 40 INITRANS 1 MAXTRANS 255 NOCOMPRESS LOGGING
  STORAGE(INITIAL 65536 NEXT 1048576 MINEXTENTS 1 MAXEXTENTS 2147483645
  PCTINCREASE 0 FREELISTS 1 FREELIST GROUPS 1 BUFFER_POOL DEFAULT)
  TABLESPACE "USERS" ;
--------------------------------------------------------
--  DDL for Table PREISEDHH
--------------------------------------------------------

  CREATE TABLE "SUPERKIGAV"."PREISEDHH" 
   (	"NETTO" NUMBER(*,0), 
	"ZWEI" NUMBER(*,0), 
	"DREI" NUMBER(*,0), 
	"VIER" NUMBER(*,0), 
	"FUENF" NUMBER(*,0), 
	"SECHS" NUMBER(*,0)
   ) PCTFREE 10 PCTUSED 40 INITRANS 1 MAXTRANS 255 NOCOMPRESS LOGGING
  STORAGE(INITIAL 65536 NEXT 1048576 MINEXTENTS 1 MAXEXTENTS 2147483645
  PCTINCREASE 0 FREELISTS 1 FREELIST GROUPS 1 BUFFER_POOL DEFAULT)
  TABLESPACE "USERS" ;
--------------------------------------------------------
--  DDL for Table PREISEEB
--------------------------------------------------------

  CREATE TABLE "SUPERKIGAV"."PREISEEB" 
   (	"NETTO" VARCHAR2(6 BYTE), 
	"ZWEI" VARCHAR2(5 BYTE), 
	"DREI" VARCHAR2(5 BYTE), 
	"VIER" VARCHAR2(5 BYTE), 
	"FUENF" VARCHAR2(5 BYTE), 
	"SECHS" VARCHAR2(5 BYTE)
   ) PCTFREE 10 PCTUSED 40 INITRANS 1 MAXTRANS 255 NOCOMPRESS LOGGING
  STORAGE(INITIAL 65536 NEXT 1048576 MINEXTENTS 1 MAXEXTENTS 2147483645
  PCTINCREASE 0 FREELISTS 1 FREELIST GROUPS 1 BUFFER_POOL DEFAULT)
  TABLESPACE "USERS" ;
--------------------------------------------------------
--  DDL for Table PREISEEHH
--------------------------------------------------------

  CREATE TABLE "SUPERKIGAV"."PREISEEHH" 
   (	"NETTO" NUMBER(*,0), 
	"ZWEI" NUMBER(*,0), 
	"DREI" NUMBER(*,0), 
	"VIER" NUMBER(*,0), 
	"FUENF" NUMBER(*,0), 
	"SECHS" NUMBER(*,0)
   ) PCTFREE 10 PCTUSED 40 INITRANS 1 MAXTRANS 255 NOCOMPRESS LOGGING
  STORAGE(INITIAL 65536 NEXT 1048576 MINEXTENTS 1 MAXEXTENTS 2147483645
  PCTINCREASE 0 FREELISTS 1 FREELIST GROUPS 1 BUFFER_POOL DEFAULT)
  TABLESPACE "USERS" ;
REM INSERTING into SUPERKIGAV.PREISEAB
Insert into SUPERKIGAV.PREISEAB (NETTO,ZWEI,DREI,VIER,FUENF,SECHS) values ('1023,0','39','39','39','39','39');
Insert into SUPERKIGAV.PREISEAB (NETTO,ZWEI,DREI,VIER,FUENF,SECHS) values ('1074,0','41','39','39','39','39');
Insert into SUPERKIGAV.PREISEAB (NETTO,ZWEI,DREI,VIER,FUENF,SECHS) values ('1125,0','43','39','39','39','39');
Insert into SUPERKIGAV.PREISEAB (NETTO,ZWEI,DREI,VIER,FUENF,SECHS) values ('1176,0','44','39','39','39','39');
Insert into SUPERKIGAV.PREISEAB (NETTO,ZWEI,DREI,VIER,FUENF,SECHS) values ('1227,0','47','39','39','39','39');
Insert into SUPERKIGAV.PREISEAB (NETTO,ZWEI,DREI,VIER,FUENF,SECHS) values ('1278,0','50','39','39','39','39');
Insert into SUPERKIGAV.PREISEAB (NETTO,ZWEI,DREI,VIER,FUENF,SECHS) values ('1329,0','53','39','39','39','39');
Insert into SUPERKIGAV.PREISEAB (NETTO,ZWEI,DREI,VIER,FUENF,SECHS) values ('1380,0','59','44','39','39','39');
Insert into SUPERKIGAV.PREISEAB (NETTO,ZWEI,DREI,VIER,FUENF,SECHS) values ('1432,0','65','50','39','39','39');
Insert into SUPERKIGAV.PREISEAB (NETTO,ZWEI,DREI,VIER,FUENF,SECHS) values ('1483,0','72','57','39','39','39');
Insert into SUPERKIGAV.PREISEAB (NETTO,ZWEI,DREI,VIER,FUENF,SECHS) values ('1534,0','78','64','39','39','39');
Insert into SUPERKIGAV.PREISEAB (NETTO,ZWEI,DREI,VIER,FUENF,SECHS) values ('1585,0','85','71','39','39','39');
Insert into SUPERKIGAV.PREISEAB (NETTO,ZWEI,DREI,VIER,FUENF,SECHS) values ('1636,0','92','77','39','39','39');
Insert into SUPERKIGAV.PREISEAB (NETTO,ZWEI,DREI,VIER,FUENF,SECHS) values ('1687,0','101','86','47','39','39');
Insert into SUPERKIGAV.PREISEAB (NETTO,ZWEI,DREI,VIER,FUENF,SECHS) values ('1738,0','111','96','57','39','39');
Insert into SUPERKIGAV.PREISEAB (NETTO,ZWEI,DREI,VIER,FUENF,SECHS) values ('1790,0','120','106','67','39','39');
Insert into SUPERKIGAV.PREISEAB (NETTO,ZWEI,DREI,VIER,FUENF,SECHS) values ('1841,0','130','115','76','39','39');
Insert into SUPERKIGAV.PREISEAB (NETTO,ZWEI,DREI,VIER,FUENF,SECHS) values ('1892,0','141','126','87','39','39');
Insert into SUPERKIGAV.PREISEAB (NETTO,ZWEI,DREI,VIER,FUENF,SECHS) values ('1943,0','152','138','99','50','39');
Insert into SUPERKIGAV.PREISEAB (NETTO,ZWEI,DREI,VIER,FUENF,SECHS) values ('1994,0','165','151','112','63','39');
Insert into SUPERKIGAV.PREISEAB (NETTO,ZWEI,DREI,VIER,FUENF,SECHS) values ('2045,0','179','164','125','76','39');
Insert into SUPERKIGAV.PREISEAB (NETTO,ZWEI,DREI,VIER,FUENF,SECHS) values ('2096,0','193','179','140','91','39');
Insert into SUPERKIGAV.PREISEAB (NETTO,ZWEI,DREI,VIER,FUENF,SECHS) values ('2147,0','208','193','154','106','47');
Insert into SUPERKIGAV.PREISEAB (NETTO,ZWEI,DREI,VIER,FUENF,SECHS) values ('2199,0','222','208','169','120','62');
Insert into SUPERKIGAV.PREISEAB (NETTO,ZWEI,DREI,VIER,FUENF,SECHS) values ('2250,0','237','222','183','135','76');
Insert into SUPERKIGAV.PREISEAB (NETTO,ZWEI,DREI,VIER,FUENF,SECHS) values ('2301,0','251','237','198','150','91');
Insert into SUPERKIGAV.PREISEAB (NETTO,ZWEI,DREI,VIER,FUENF,SECHS) values ('2352,0','266','251','212','164','106');
Insert into SUPERKIGAV.PREISEAB (NETTO,ZWEI,DREI,VIER,FUENF,SECHS) values ('2403,0','281','267','228','180','121');
Insert into SUPERKIGAV.PREISEAB (NETTO,ZWEI,DREI,VIER,FUENF,SECHS) values ('2454,0','297','283','244','196','137');
Insert into SUPERKIGAV.PREISEAB (NETTO,ZWEI,DREI,VIER,FUENF,SECHS) values ('2505,0','314','299','260','212','154');
Insert into SUPERKIGAV.PREISEAB (NETTO,ZWEI,DREI,VIER,FUENF,SECHS) values ('2556,0','331','316','277','229','170');
Insert into SUPERKIGAV.PREISEAB (NETTO,ZWEI,DREI,VIER,FUENF,SECHS) values ('2608,0','348','334','295','247','188');
Insert into SUPERKIGAV.PREISEAB (NETTO,ZWEI,DREI,VIER,FUENF,SECHS) values ('2659,0','366','352','313','265','206');
Insert into SUPERKIGAV.PREISEAB (NETTO,ZWEI,DREI,VIER,FUENF,SECHS) values ('2710,0','386','370','332','283','225');
Insert into SUPERKIGAV.PREISEAB (NETTO,ZWEI,DREI,VIER,FUENF,SECHS) values ('2761,0','386','386','350','302','244');
Insert into SUPERKIGAV.PREISEAB (NETTO,ZWEI,DREI,VIER,FUENF,SECHS) values ('2812,0','386','386','370','321','263');
Insert into SUPERKIGAV.PREISEAB (NETTO,ZWEI,DREI,VIER,FUENF,SECHS) values ('2863,0','386','386','386','341','283');
Insert into SUPERKIGAV.PREISEAB (NETTO,ZWEI,DREI,VIER,FUENF,SECHS) values ('2914,0','386','386','386','362','303');
Insert into SUPERKIGAV.PREISEAB (NETTO,ZWEI,DREI,VIER,FUENF,SECHS) values ('2965,0','386','386','386','382','324');
Insert into SUPERKIGAV.PREISEAB (NETTO,ZWEI,DREI,VIER,FUENF,SECHS) values ('3017,0','386','386','386','386','344');
Insert into SUPERKIGAV.PREISEAB (NETTO,ZWEI,DREI,VIER,FUENF,SECHS) values ('3068,0','386','386','386','386','364');
Insert into SUPERKIGAV.PREISEAB (NETTO,ZWEI,DREI,VIER,FUENF,SECHS) values ('3119,0','386','386','386','386','385');
Insert into SUPERKIGAV.PREISEAB (NETTO,ZWEI,DREI,VIER,FUENF,SECHS) values ('3170,0','386','386','386','386','386');
Insert into SUPERKIGAV.PREISEAB (NETTO,ZWEI,DREI,VIER,FUENF,SECHS) values ('3221,0','386','386','386','386','386');
Insert into SUPERKIGAV.PREISEAB (NETTO,ZWEI,DREI,VIER,FUENF,SECHS) values ('3272,0','386','386','386','386','386');
Insert into SUPERKIGAV.PREISEAB (NETTO,ZWEI,DREI,VIER,FUENF,SECHS) values ('3323,0','386','386','386','386','386');
Insert into SUPERKIGAV.PREISEAB (NETTO,ZWEI,DREI,VIER,FUENF,SECHS) values ('3375,0','386','386','386','386','386');
REM INSERTING into SUPERKIGAV.PREISEAHH
Insert into SUPERKIGAV.PREISEAHH (NETTO,ZWEI,DREI,VIER,FUENF,SECHS) values (1023,49,49,49,49,49);
Insert into SUPERKIGAV.PREISEAHH (NETTO,ZWEI,DREI,VIER,FUENF,SECHS) values (1074,51,49,49,49,49);
Insert into SUPERKIGAV.PREISEAHH (NETTO,ZWEI,DREI,VIER,FUENF,SECHS) values (1125,53,49,49,49,49);
Insert into SUPERKIGAV.PREISEAHH (NETTO,ZWEI,DREI,VIER,FUENF,SECHS) values (1176,54,49,49,49,49);
Insert into SUPERKIGAV.PREISEAHH (NETTO,ZWEI,DREI,VIER,FUENF,SECHS) values (1227,57,49,49,49,49);
Insert into SUPERKIGAV.PREISEAHH (NETTO,ZWEI,DREI,VIER,FUENF,SECHS) values (1278,60,49,49,49,49);
Insert into SUPERKIGAV.PREISEAHH (NETTO,ZWEI,DREI,VIER,FUENF,SECHS) values (1329,63,49,49,49,49);
Insert into SUPERKIGAV.PREISEAHH (NETTO,ZWEI,DREI,VIER,FUENF,SECHS) values (1380,69,54,49,49,49);
Insert into SUPERKIGAV.PREISEAHH (NETTO,ZWEI,DREI,VIER,FUENF,SECHS) values (1432,75,60,49,49,49);
Insert into SUPERKIGAV.PREISEAHH (NETTO,ZWEI,DREI,VIER,FUENF,SECHS) values (1483,82,67,49,49,49);
Insert into SUPERKIGAV.PREISEAHH (NETTO,ZWEI,DREI,VIER,FUENF,SECHS) values (1534,88,74,49,49,49);
Insert into SUPERKIGAV.PREISEAHH (NETTO,ZWEI,DREI,VIER,FUENF,SECHS) values (1585,95,81,49,49,49);
Insert into SUPERKIGAV.PREISEAHH (NETTO,ZWEI,DREI,VIER,FUENF,SECHS) values (1636,102,87,49,49,49);
Insert into SUPERKIGAV.PREISEAHH (NETTO,ZWEI,DREI,VIER,FUENF,SECHS) values (1687,111,96,57,49,49);
Insert into SUPERKIGAV.PREISEAHH (NETTO,ZWEI,DREI,VIER,FUENF,SECHS) values (1738,121,106,67,49,49);
Insert into SUPERKIGAV.PREISEAHH (NETTO,ZWEI,DREI,VIER,FUENF,SECHS) values (1790,130,116,77,49,49);
Insert into SUPERKIGAV.PREISEAHH (NETTO,ZWEI,DREI,VIER,FUENF,SECHS) values (1841,140,125,86,49,49);
Insert into SUPERKIGAV.PREISEAHH (NETTO,ZWEI,DREI,VIER,FUENF,SECHS) values (1892,151,136,97,49,49);
Insert into SUPERKIGAV.PREISEAHH (NETTO,ZWEI,DREI,VIER,FUENF,SECHS) values (1943,162,148,109,60,49);
Insert into SUPERKIGAV.PREISEAHH (NETTO,ZWEI,DREI,VIER,FUENF,SECHS) values (1994,175,161,122,73,49);
Insert into SUPERKIGAV.PREISEAHH (NETTO,ZWEI,DREI,VIER,FUENF,SECHS) values (2045,189,174,135,86,49);
Insert into SUPERKIGAV.PREISEAHH (NETTO,ZWEI,DREI,VIER,FUENF,SECHS) values (2096,203,189,150,101,49);
Insert into SUPERKIGAV.PREISEAHH (NETTO,ZWEI,DREI,VIER,FUENF,SECHS) values (2147,218,203,164,116,57);
Insert into SUPERKIGAV.PREISEAHH (NETTO,ZWEI,DREI,VIER,FUENF,SECHS) values (2199,232,218,179,130,72);
Insert into SUPERKIGAV.PREISEAHH (NETTO,ZWEI,DREI,VIER,FUENF,SECHS) values (2250,247,232,193,145,86);
Insert into SUPERKIGAV.PREISEAHH (NETTO,ZWEI,DREI,VIER,FUENF,SECHS) values (2301,261,247,208,160,101);
Insert into SUPERKIGAV.PREISEAHH (NETTO,ZWEI,DREI,VIER,FUENF,SECHS) values (2352,276,261,222,174,116);
Insert into SUPERKIGAV.PREISEAHH (NETTO,ZWEI,DREI,VIER,FUENF,SECHS) values (2403,291,277,238,190,131);
Insert into SUPERKIGAV.PREISEAHH (NETTO,ZWEI,DREI,VIER,FUENF,SECHS) values (2454,307,293,254,206,147);
Insert into SUPERKIGAV.PREISEAHH (NETTO,ZWEI,DREI,VIER,FUENF,SECHS) values (2505,324,309,270,222,164);
Insert into SUPERKIGAV.PREISEAHH (NETTO,ZWEI,DREI,VIER,FUENF,SECHS) values (2556,341,326,287,239,180);
Insert into SUPERKIGAV.PREISEAHH (NETTO,ZWEI,DREI,VIER,FUENF,SECHS) values (2608,358,344,305,257,198);
Insert into SUPERKIGAV.PREISEAHH (NETTO,ZWEI,DREI,VIER,FUENF,SECHS) values (2659,376,362,323,275,216);
Insert into SUPERKIGAV.PREISEAHH (NETTO,ZWEI,DREI,VIER,FUENF,SECHS) values (2710,396,380,342,293,235);
Insert into SUPERKIGAV.PREISEAHH (NETTO,ZWEI,DREI,VIER,FUENF,SECHS) values (2761,396,396,360,312,254);
Insert into SUPERKIGAV.PREISEAHH (NETTO,ZWEI,DREI,VIER,FUENF,SECHS) values (2812,396,396,380,331,273);
Insert into SUPERKIGAV.PREISEAHH (NETTO,ZWEI,DREI,VIER,FUENF,SECHS) values (2863,396,396,396,351,293);
Insert into SUPERKIGAV.PREISEAHH (NETTO,ZWEI,DREI,VIER,FUENF,SECHS) values (2914,396,396,396,372,313);
Insert into SUPERKIGAV.PREISEAHH (NETTO,ZWEI,DREI,VIER,FUENF,SECHS) values (2965,396,396,396,392,334);
Insert into SUPERKIGAV.PREISEAHH (NETTO,ZWEI,DREI,VIER,FUENF,SECHS) values (3017,396,396,396,396,354);
Insert into SUPERKIGAV.PREISEAHH (NETTO,ZWEI,DREI,VIER,FUENF,SECHS) values (3068,396,396,396,396,374);
Insert into SUPERKIGAV.PREISEAHH (NETTO,ZWEI,DREI,VIER,FUENF,SECHS) values (3119,396,396,396,396,395);
Insert into SUPERKIGAV.PREISEAHH (NETTO,ZWEI,DREI,VIER,FUENF,SECHS) values (3170,396,396,396,396,396);
Insert into SUPERKIGAV.PREISEAHH (NETTO,ZWEI,DREI,VIER,FUENF,SECHS) values (3221,396,396,396,396,396);
Insert into SUPERKIGAV.PREISEAHH (NETTO,ZWEI,DREI,VIER,FUENF,SECHS) values (3272,396,396,396,396,396);
Insert into SUPERKIGAV.PREISEAHH (NETTO,ZWEI,DREI,VIER,FUENF,SECHS) values (3323,396,396,396,396,396);
Insert into SUPERKIGAV.PREISEAHH (NETTO,ZWEI,DREI,VIER,FUENF,SECHS) values (3375,396,396,396,396,396);
Insert into SUPERKIGAV.PREISEAHH (NETTO,ZWEI,DREI,VIER,FUENF,SECHS) values (1000000000,396,396,396,396,396);
REM INSERTING into SUPERKIGAV.PREISEBB
Insert into SUPERKIGAV.PREISEBB (NETTO,ZWEI,DREI,VIER,FUENF,SECHS) values ('1023,0','34','33','33','33','33');
Insert into SUPERKIGAV.PREISEBB (NETTO,ZWEI,DREI,VIER,FUENF,SECHS) values ('1074,0','35','33','33','33','33');
Insert into SUPERKIGAV.PREISEBB (NETTO,ZWEI,DREI,VIER,FUENF,SECHS) values ('1125,0','37','33','33','33','33');
Insert into SUPERKIGAV.PREISEBB (NETTO,ZWEI,DREI,VIER,FUENF,SECHS) values ('1176,0','39','33','33','33','33');
Insert into SUPERKIGAV.PREISEBB (NETTO,ZWEI,DREI,VIER,FUENF,SECHS) values ('1227,0','41','33','33','33','33');
Insert into SUPERKIGAV.PREISEBB (NETTO,ZWEI,DREI,VIER,FUENF,SECHS) values ('1278,0','44','33','33','33','33');
Insert into SUPERKIGAV.PREISEBB (NETTO,ZWEI,DREI,VIER,FUENF,SECHS) values ('1329,0','47','34','33','33','33');
Insert into SUPERKIGAV.PREISEBB (NETTO,ZWEI,DREI,VIER,FUENF,SECHS) values ('1380,0','51','38','33','33','33');
Insert into SUPERKIGAV.PREISEBB (NETTO,ZWEI,DREI,VIER,FUENF,SECHS) values ('1432,0','57','44','33','33','33');
Insert into SUPERKIGAV.PREISEBB (NETTO,ZWEI,DREI,VIER,FUENF,SECHS) values ('1483,0','63','50','33','33','33');
Insert into SUPERKIGAV.PREISEBB (NETTO,ZWEI,DREI,VIER,FUENF,SECHS) values ('1534,0','69','56','33','33','33');
Insert into SUPERKIGAV.PREISEBB (NETTO,ZWEI,DREI,VIER,FUENF,SECHS) values ('1585,0','75','62','33','33','33');
Insert into SUPERKIGAV.PREISEBB (NETTO,ZWEI,DREI,VIER,FUENF,SECHS) values ('1636,0','82','68','33','33','33');
Insert into SUPERKIGAV.PREISEBB (NETTO,ZWEI,DREI,VIER,FUENF,SECHS) values ('1687,0','89','76','41','33','33');
Insert into SUPERKIGAV.PREISEBB (NETTO,ZWEI,DREI,VIER,FUENF,SECHS) values ('1738,0','98','85','50','33','33');
Insert into SUPERKIGAV.PREISEBB (NETTO,ZWEI,DREI,VIER,FUENF,SECHS) values ('1790,0','107','93','59','33','33');
Insert into SUPERKIGAV.PREISEBB (NETTO,ZWEI,DREI,VIER,FUENF,SECHS) values ('1841,0','115','102','67','33','33');
Insert into SUPERKIGAV.PREISEBB (NETTO,ZWEI,DREI,VIER,FUENF,SECHS) values ('1892,0','125','112','77','33','33');
Insert into SUPERKIGAV.PREISEBB (NETTO,ZWEI,DREI,VIER,FUENF,SECHS) values ('1943,0','135','122','87','44','33');
Insert into SUPERKIGAV.PREISEBB (NETTO,ZWEI,DREI,VIER,FUENF,SECHS) values ('1994,0','146','134','99','55','33');
Insert into SUPERKIGAV.PREISEBB (NETTO,ZWEI,DREI,VIER,FUENF,SECHS) values ('2045,0','159','145','111','67','33');
Insert into SUPERKIGAV.PREISEBB (NETTO,ZWEI,DREI,VIER,FUENF,SECHS) values ('2096,0','172','159','124','80','33');
Insert into SUPERKIGAV.PREISEBB (NETTO,ZWEI,DREI,VIER,FUENF,SECHS) values ('2147,0','185','172','137','93','41');
Insert into SUPERKIGAV.PREISEBB (NETTO,ZWEI,DREI,VIER,FUENF,SECHS) values ('2199,0','198','185','150','107','54');
Insert into SUPERKIGAV.PREISEBB (NETTO,ZWEI,DREI,VIER,FUENF,SECHS) values ('2250,0','211','198','163','119','67');
Insert into SUPERKIGAV.PREISEBB (NETTO,ZWEI,DREI,VIER,FUENF,SECHS) values ('2301,0','224','211','176','133','80');
Insert into SUPERKIGAV.PREISEBB (NETTO,ZWEI,DREI,VIER,FUENF,SECHS) values ('2352,0','237','224','189','145','93');
Insert into SUPERKIGAV.PREISEBB (NETTO,ZWEI,DREI,VIER,FUENF,SECHS) values ('2403,0','251','238','203','160','108');
Insert into SUPERKIGAV.PREISEBB (NETTO,ZWEI,DREI,VIER,FUENF,SECHS) values ('2454,0','265','252','218','174','122');
Insert into SUPERKIGAV.PREISEBB (NETTO,ZWEI,DREI,VIER,FUENF,SECHS) values ('2505,0','280','267','232','188','136');
Insert into SUPERKIGAV.PREISEBB (NETTO,ZWEI,DREI,VIER,FUENF,SECHS) values ('2556,0','295','282','247','204','152');
Insert into SUPERKIGAV.PREISEBB (NETTO,ZWEI,DREI,VIER,FUENF,SECHS) values ('2608,0','311','298','263','220','167');
Insert into SUPERKIGAV.PREISEBB (NETTO,ZWEI,DREI,VIER,FUENF,SECHS) values ('2659,0','327','314','279','235','183');
Insert into SUPERKIGAV.PREISEBB (NETTO,ZWEI,DREI,VIER,FUENF,SECHS) values ('2710,0','343','331','296','252','200');
Insert into SUPERKIGAV.PREISEBB (NETTO,ZWEI,DREI,VIER,FUENF,SECHS) values ('2761,0','360','347','313','269','217');
Insert into SUPERKIGAV.PREISEBB (NETTO,ZWEI,DREI,VIER,FUENF,SECHS) values ('2812,0','378','365','330','287','234');
Insert into SUPERKIGAV.PREISEBB (NETTO,ZWEI,DREI,VIER,FUENF,SECHS) values ('2863,0','386','383','348','304','252');
Insert into SUPERKIGAV.PREISEBB (NETTO,ZWEI,DREI,VIER,FUENF,SECHS) values ('2914,0','386','386','366','322','270');
Insert into SUPERKIGAV.PREISEBB (NETTO,ZWEI,DREI,VIER,FUENF,SECHS) values ('2965,0','386','386','384','341','289');
Insert into SUPERKIGAV.PREISEBB (NETTO,ZWEI,DREI,VIER,FUENF,SECHS) values ('3017,0','386','386','386','359','307');
Insert into SUPERKIGAV.PREISEBB (NETTO,ZWEI,DREI,VIER,FUENF,SECHS) values ('3068,0','386','386','386','377','325');
Insert into SUPERKIGAV.PREISEBB (NETTO,ZWEI,DREI,VIER,FUENF,SECHS) values ('3119,0','386','386','386','386','343');
Insert into SUPERKIGAV.PREISEBB (NETTO,ZWEI,DREI,VIER,FUENF,SECHS) values ('3170,0','386','386','386','386','362');
Insert into SUPERKIGAV.PREISEBB (NETTO,ZWEI,DREI,VIER,FUENF,SECHS) values ('3221,0','386','386','386','386','380');
Insert into SUPERKIGAV.PREISEBB (NETTO,ZWEI,DREI,VIER,FUENF,SECHS) values ('3272,0','386','386','386','386','386');
Insert into SUPERKIGAV.PREISEBB (NETTO,ZWEI,DREI,VIER,FUENF,SECHS) values ('3323,0','386','386','386','386','386');
Insert into SUPERKIGAV.PREISEBB (NETTO,ZWEI,DREI,VIER,FUENF,SECHS) values ('3375,0','386','386','386','386','386');
REM INSERTING into SUPERKIGAV.PREISEBHH
Insert into SUPERKIGAV.PREISEBHH (NETTO,ZWEI,DREI,VIER,FUENF,SECHS) values (1023,44,43,43,43,43);
Insert into SUPERKIGAV.PREISEBHH (NETTO,ZWEI,DREI,VIER,FUENF,SECHS) values (1074,45,43,43,43,43);
Insert into SUPERKIGAV.PREISEBHH (NETTO,ZWEI,DREI,VIER,FUENF,SECHS) values (1125,47,43,43,43,43);
Insert into SUPERKIGAV.PREISEBHH (NETTO,ZWEI,DREI,VIER,FUENF,SECHS) values (1176,49,43,43,43,43);
Insert into SUPERKIGAV.PREISEBHH (NETTO,ZWEI,DREI,VIER,FUENF,SECHS) values (1227,51,43,43,43,43);
Insert into SUPERKIGAV.PREISEBHH (NETTO,ZWEI,DREI,VIER,FUENF,SECHS) values (1278,54,43,43,43,43);
Insert into SUPERKIGAV.PREISEBHH (NETTO,ZWEI,DREI,VIER,FUENF,SECHS) values (1329,57,44,43,43,43);
Insert into SUPERKIGAV.PREISEBHH (NETTO,ZWEI,DREI,VIER,FUENF,SECHS) values (1380,61,48,43,43,43);
Insert into SUPERKIGAV.PREISEBHH (NETTO,ZWEI,DREI,VIER,FUENF,SECHS) values (1432,67,54,43,43,43);
Insert into SUPERKIGAV.PREISEBHH (NETTO,ZWEI,DREI,VIER,FUENF,SECHS) values (1483,73,60,43,43,43);
Insert into SUPERKIGAV.PREISEBHH (NETTO,ZWEI,DREI,VIER,FUENF,SECHS) values (1534,79,66,43,43,43);
Insert into SUPERKIGAV.PREISEBHH (NETTO,ZWEI,DREI,VIER,FUENF,SECHS) values (1585,85,72,43,43,43);
Insert into SUPERKIGAV.PREISEBHH (NETTO,ZWEI,DREI,VIER,FUENF,SECHS) values (1636,92,78,43,43,43);
Insert into SUPERKIGAV.PREISEBHH (NETTO,ZWEI,DREI,VIER,FUENF,SECHS) values (1687,99,86,51,43,43);
Insert into SUPERKIGAV.PREISEBHH (NETTO,ZWEI,DREI,VIER,FUENF,SECHS) values (1738,108,95,60,43,43);
Insert into SUPERKIGAV.PREISEBHH (NETTO,ZWEI,DREI,VIER,FUENF,SECHS) values (1790,117,103,69,43,43);
Insert into SUPERKIGAV.PREISEBHH (NETTO,ZWEI,DREI,VIER,FUENF,SECHS) values (1841,125,112,77,43,43);
Insert into SUPERKIGAV.PREISEBHH (NETTO,ZWEI,DREI,VIER,FUENF,SECHS) values (1892,135,122,87,43,43);
Insert into SUPERKIGAV.PREISEBHH (NETTO,ZWEI,DREI,VIER,FUENF,SECHS) values (1943,145,132,97,54,43);
Insert into SUPERKIGAV.PREISEBHH (NETTO,ZWEI,DREI,VIER,FUENF,SECHS) values (1994,156,144,109,65,43);
Insert into SUPERKIGAV.PREISEBHH (NETTO,ZWEI,DREI,VIER,FUENF,SECHS) values (2045,169,155,121,77,43);
Insert into SUPERKIGAV.PREISEBHH (NETTO,ZWEI,DREI,VIER,FUENF,SECHS) values (2096,182,169,134,90,43);
Insert into SUPERKIGAV.PREISEBHH (NETTO,ZWEI,DREI,VIER,FUENF,SECHS) values (2147,195,182,147,103,51);
Insert into SUPERKIGAV.PREISEBHH (NETTO,ZWEI,DREI,VIER,FUENF,SECHS) values (2199,208,195,160,117,64);
Insert into SUPERKIGAV.PREISEBHH (NETTO,ZWEI,DREI,VIER,FUENF,SECHS) values (2250,221,208,173,129,77);
Insert into SUPERKIGAV.PREISEBHH (NETTO,ZWEI,DREI,VIER,FUENF,SECHS) values (2301,234,221,186,143,90);
Insert into SUPERKIGAV.PREISEBHH (NETTO,ZWEI,DREI,VIER,FUENF,SECHS) values (2352,247,234,199,155,103);
Insert into SUPERKIGAV.PREISEBHH (NETTO,ZWEI,DREI,VIER,FUENF,SECHS) values (2403,261,248,213,170,118);
Insert into SUPERKIGAV.PREISEBHH (NETTO,ZWEI,DREI,VIER,FUENF,SECHS) values (2454,275,262,228,184,132);
Insert into SUPERKIGAV.PREISEBHH (NETTO,ZWEI,DREI,VIER,FUENF,SECHS) values (2505,290,277,242,198,146);
Insert into SUPERKIGAV.PREISEBHH (NETTO,ZWEI,DREI,VIER,FUENF,SECHS) values (2556,305,292,257,214,162);
Insert into SUPERKIGAV.PREISEBHH (NETTO,ZWEI,DREI,VIER,FUENF,SECHS) values (2608,321,308,273,230,177);
Insert into SUPERKIGAV.PREISEBHH (NETTO,ZWEI,DREI,VIER,FUENF,SECHS) values (2659,337,324,289,245,193);
Insert into SUPERKIGAV.PREISEBHH (NETTO,ZWEI,DREI,VIER,FUENF,SECHS) values (2710,353,341,306,262,210);
Insert into SUPERKIGAV.PREISEBHH (NETTO,ZWEI,DREI,VIER,FUENF,SECHS) values (2761,370,357,323,279,227);
Insert into SUPERKIGAV.PREISEBHH (NETTO,ZWEI,DREI,VIER,FUENF,SECHS) values (2812,388,375,340,297,244);
Insert into SUPERKIGAV.PREISEBHH (NETTO,ZWEI,DREI,VIER,FUENF,SECHS) values (2863,396,393,358,314,262);
Insert into SUPERKIGAV.PREISEBHH (NETTO,ZWEI,DREI,VIER,FUENF,SECHS) values (2914,396,396,376,332,280);
Insert into SUPERKIGAV.PREISEBHH (NETTO,ZWEI,DREI,VIER,FUENF,SECHS) values (2965,396,396,394,351,299);
Insert into SUPERKIGAV.PREISEBHH (NETTO,ZWEI,DREI,VIER,FUENF,SECHS) values (3017,396,396,396,369,317);
Insert into SUPERKIGAV.PREISEBHH (NETTO,ZWEI,DREI,VIER,FUENF,SECHS) values (3068,396,396,396,387,335);
Insert into SUPERKIGAV.PREISEBHH (NETTO,ZWEI,DREI,VIER,FUENF,SECHS) values (3119,396,396,396,396,353);
Insert into SUPERKIGAV.PREISEBHH (NETTO,ZWEI,DREI,VIER,FUENF,SECHS) values (3170,396,396,396,396,372);
Insert into SUPERKIGAV.PREISEBHH (NETTO,ZWEI,DREI,VIER,FUENF,SECHS) values (3221,396,396,396,396,390);
Insert into SUPERKIGAV.PREISEBHH (NETTO,ZWEI,DREI,VIER,FUENF,SECHS) values (3272,396,396,396,396,396);
Insert into SUPERKIGAV.PREISEBHH (NETTO,ZWEI,DREI,VIER,FUENF,SECHS) values (3323,396,396,396,396,396);
Insert into SUPERKIGAV.PREISEBHH (NETTO,ZWEI,DREI,VIER,FUENF,SECHS) values (3375,396,396,396,396,396);
Insert into SUPERKIGAV.PREISEBHH (NETTO,ZWEI,DREI,VIER,FUENF,SECHS) values (10000000000,396,396,396,396,396);
REM INSERTING into SUPERKIGAV.PREISECB
Insert into SUPERKIGAV.PREISECB (NETTO,ZWEI,DREI,VIER,FUENF,SECHS) values ('1023,0','29','28','28','28','28');
Insert into SUPERKIGAV.PREISECB (NETTO,ZWEI,DREI,VIER,FUENF,SECHS) values ('1074,0','30','28','28','28','28');
Insert into SUPERKIGAV.PREISECB (NETTO,ZWEI,DREI,VIER,FUENF,SECHS) values ('1125,0','31','28','28','28','28');
Insert into SUPERKIGAV.PREISECB (NETTO,ZWEI,DREI,VIER,FUENF,SECHS) values ('1176,0','33','28','28','28','28');
Insert into SUPERKIGAV.PREISECB (NETTO,ZWEI,DREI,VIER,FUENF,SECHS) values ('1227,0','35','28','28','28','28');
Insert into SUPERKIGAV.PREISECB (NETTO,ZWEI,DREI,VIER,FUENF,SECHS) values ('1278,0','38','28','28','28','28');
Insert into SUPERKIGAV.PREISECB (NETTO,ZWEI,DREI,VIER,FUENF,SECHS) values ('1329,0','40','29','28','28','28');
Insert into SUPERKIGAV.PREISECB (NETTO,ZWEI,DREI,VIER,FUENF,SECHS) values ('1380,0','44','32','28','28','28');
Insert into SUPERKIGAV.PREISECB (NETTO,ZWEI,DREI,VIER,FUENF,SECHS) values ('1432,0','49','38','28','28','28');
Insert into SUPERKIGAV.PREISECB (NETTO,ZWEI,DREI,VIER,FUENF,SECHS) values ('1483,0','54','43','28','28','28');
Insert into SUPERKIGAV.PREISECB (NETTO,ZWEI,DREI,VIER,FUENF,SECHS) values ('1534,0','60','48','28','28','28');
Insert into SUPERKIGAV.PREISECB (NETTO,ZWEI,DREI,VIER,FUENF,SECHS) values ('1585,0','65','54','28','28','28');
Insert into SUPERKIGAV.PREISECB (NETTO,ZWEI,DREI,VIER,FUENF,SECHS) values ('1636,0','71','59','28','28','28');
Insert into SUPERKIGAV.PREISECB (NETTO,ZWEI,DREI,VIER,FUENF,SECHS) values ('1687,0','77','66','36','28','28');
Insert into SUPERKIGAV.PREISECB (NETTO,ZWEI,DREI,VIER,FUENF,SECHS) values ('1738,0','85','74','43','28','28');
Insert into SUPERKIGAV.PREISECB (NETTO,ZWEI,DREI,VIER,FUENF,SECHS) values ('1790,0','93','82','51','28','28');
Insert into SUPERKIGAV.PREISECB (NETTO,ZWEI,DREI,VIER,FUENF,SECHS) values ('1841,0','100','89','59','28','28');
Insert into SUPERKIGAV.PREISECB (NETTO,ZWEI,DREI,VIER,FUENF,SECHS) values ('1892,0','109','97','67','28','28');
Insert into SUPERKIGAV.PREISECB (NETTO,ZWEI,DREI,VIER,FUENF,SECHS) values ('1943,0','118','107','76','38','28');
Insert into SUPERKIGAV.PREISECB (NETTO,ZWEI,DREI,VIER,FUENF,SECHS) values ('1994,0','128','117','86','48','28');
Insert into SUPERKIGAV.PREISECB (NETTO,ZWEI,DREI,VIER,FUENF,SECHS) values ('2045,0','139','128','97','59','28');
Insert into SUPERKIGAV.PREISECB (NETTO,ZWEI,DREI,VIER,FUENF,SECHS) values ('2096,0','151','139','108','70','28');
Insert into SUPERKIGAV.PREISECB (NETTO,ZWEI,DREI,VIER,FUENF,SECHS) values ('2147,0','162','151','120','82','36');
Insert into SUPERKIGAV.PREISECB (NETTO,ZWEI,DREI,VIER,FUENF,SECHS) values ('2199,0','174','162','131','93','47');
Insert into SUPERKIGAV.PREISECB (NETTO,ZWEI,DREI,VIER,FUENF,SECHS) values ('2250,0','185','174','143','105','59');
Insert into SUPERKIGAV.PREISECB (NETTO,ZWEI,DREI,VIER,FUENF,SECHS) values ('2301,0','197','185','154','116','70');
Insert into SUPERKIGAV.PREISECB (NETTO,ZWEI,DREI,VIER,FUENF,SECHS) values ('2352,0','208','197','166','128','82');
Insert into SUPERKIGAV.PREISECB (NETTO,ZWEI,DREI,VIER,FUENF,SECHS) values ('2403,0','220','209','178','140','94');
Insert into SUPERKIGAV.PREISECB (NETTO,ZWEI,DREI,VIER,FUENF,SECHS) values ('2454,0','233','221','190','152','106');
Insert into SUPERKIGAV.PREISECB (NETTO,ZWEI,DREI,VIER,FUENF,SECHS) values ('2505,0','246','234','204','165','119');
Insert into SUPERKIGAV.PREISECB (NETTO,ZWEI,DREI,VIER,FUENF,SECHS) values ('2556,0','259','248','217','179','133');
Insert into SUPERKIGAV.PREISECB (NETTO,ZWEI,DREI,VIER,FUENF,SECHS) values ('2608,0','273','261','231','192','146');
Insert into SUPERKIGAV.PREISECB (NETTO,ZWEI,DREI,VIER,FUENF,SECHS) values ('2659,0','287','276','245','207','161');
Insert into SUPERKIGAV.PREISECB (NETTO,ZWEI,DREI,VIER,FUENF,SECHS) values ('2710,0','302','290','259','221','175');
Insert into SUPERKIGAV.PREISECB (NETTO,ZWEI,DREI,VIER,FUENF,SECHS) values ('2761,0','317','305','275','236','190');
Insert into SUPERKIGAV.PREISECB (NETTO,ZWEI,DREI,VIER,FUENF,SECHS) values ('2812,0','332','321','290','252','206');
Insert into SUPERKIGAV.PREISECB (NETTO,ZWEI,DREI,VIER,FUENF,SECHS) values ('2863,0','348','336','305','267','221');
Insert into SUPERKIGAV.PREISECB (NETTO,ZWEI,DREI,VIER,FUENF,SECHS) values ('2914,0','364','353','322','283','237');
Insert into SUPERKIGAV.PREISECB (NETTO,ZWEI,DREI,VIER,FUENF,SECHS) values ('2965,0','373','368','338','299','253');
Insert into SUPERKIGAV.PREISECB (NETTO,ZWEI,DREI,VIER,FUENF,SECHS) values ('3017,0','373','373','354','316','270');
Insert into SUPERKIGAV.PREISECB (NETTO,ZWEI,DREI,VIER,FUENF,SECHS) values ('3068,0','373','373','370','332','286');
Insert into SUPERKIGAV.PREISECB (NETTO,ZWEI,DREI,VIER,FUENF,SECHS) values ('3119,0','373','373','373','348','302');
Insert into SUPERKIGAV.PREISECB (NETTO,ZWEI,DREI,VIER,FUENF,SECHS) values ('3170,0','373','373','373','364','318');
Insert into SUPERKIGAV.PREISECB (NETTO,ZWEI,DREI,VIER,FUENF,SECHS) values ('3221,0','373','373','373','373','334');
Insert into SUPERKIGAV.PREISECB (NETTO,ZWEI,DREI,VIER,FUENF,SECHS) values ('3272,0','373','373','373','373','350');
Insert into SUPERKIGAV.PREISECB (NETTO,ZWEI,DREI,VIER,FUENF,SECHS) values ('3323,0','373','373','373','373','366');
Insert into SUPERKIGAV.PREISECB (NETTO,ZWEI,DREI,VIER,FUENF,SECHS) values ('3375,0','373','373','373','373','373');
REM INSERTING into SUPERKIGAV.PREISECHH
Insert into SUPERKIGAV.PREISECHH (NETTO,ZWEI,DREI,VIER,FUENF,SECHS) values (1023,39,38,38,38,38);
Insert into SUPERKIGAV.PREISECHH (NETTO,ZWEI,DREI,VIER,FUENF,SECHS) values (1074,40,38,38,38,38);
Insert into SUPERKIGAV.PREISECHH (NETTO,ZWEI,DREI,VIER,FUENF,SECHS) values (1125,41,38,38,38,38);
Insert into SUPERKIGAV.PREISECHH (NETTO,ZWEI,DREI,VIER,FUENF,SECHS) values (1176,43,38,38,38,38);
Insert into SUPERKIGAV.PREISECHH (NETTO,ZWEI,DREI,VIER,FUENF,SECHS) values (1227,45,38,38,38,38);
Insert into SUPERKIGAV.PREISECHH (NETTO,ZWEI,DREI,VIER,FUENF,SECHS) values (1278,48,38,38,38,38);
Insert into SUPERKIGAV.PREISECHH (NETTO,ZWEI,DREI,VIER,FUENF,SECHS) values (1329,50,39,38,38,38);
Insert into SUPERKIGAV.PREISECHH (NETTO,ZWEI,DREI,VIER,FUENF,SECHS) values (1380,54,42,38,38,38);
Insert into SUPERKIGAV.PREISECHH (NETTO,ZWEI,DREI,VIER,FUENF,SECHS) values (1432,59,48,38,38,38);
Insert into SUPERKIGAV.PREISECHH (NETTO,ZWEI,DREI,VIER,FUENF,SECHS) values (1483,64,53,38,38,38);
Insert into SUPERKIGAV.PREISECHH (NETTO,ZWEI,DREI,VIER,FUENF,SECHS) values (1534,70,58,38,38,38);
Insert into SUPERKIGAV.PREISECHH (NETTO,ZWEI,DREI,VIER,FUENF,SECHS) values (1585,75,64,38,38,38);
Insert into SUPERKIGAV.PREISECHH (NETTO,ZWEI,DREI,VIER,FUENF,SECHS) values (1636,81,69,38,38,38);
Insert into SUPERKIGAV.PREISECHH (NETTO,ZWEI,DREI,VIER,FUENF,SECHS) values (1687,87,76,46,38,38);
Insert into SUPERKIGAV.PREISECHH (NETTO,ZWEI,DREI,VIER,FUENF,SECHS) values (1738,95,84,53,38,38);
Insert into SUPERKIGAV.PREISECHH (NETTO,ZWEI,DREI,VIER,FUENF,SECHS) values (1790,103,92,61,38,38);
Insert into SUPERKIGAV.PREISECHH (NETTO,ZWEI,DREI,VIER,FUENF,SECHS) values (1841,110,99,69,38,38);
Insert into SUPERKIGAV.PREISECHH (NETTO,ZWEI,DREI,VIER,FUENF,SECHS) values (1892,119,107,77,38,38);
Insert into SUPERKIGAV.PREISECHH (NETTO,ZWEI,DREI,VIER,FUENF,SECHS) values (1943,128,117,86,48,38);
Insert into SUPERKIGAV.PREISECHH (NETTO,ZWEI,DREI,VIER,FUENF,SECHS) values (1994,138,127,96,58,38);
Insert into SUPERKIGAV.PREISECHH (NETTO,ZWEI,DREI,VIER,FUENF,SECHS) values (2045,149,138,107,69,38);
Insert into SUPERKIGAV.PREISECHH (NETTO,ZWEI,DREI,VIER,FUENF,SECHS) values (2096,161,149,118,80,38);
Insert into SUPERKIGAV.PREISECHH (NETTO,ZWEI,DREI,VIER,FUENF,SECHS) values (2147,172,161,130,92,46);
Insert into SUPERKIGAV.PREISECHH (NETTO,ZWEI,DREI,VIER,FUENF,SECHS) values (2199,184,172,141,103,57);
Insert into SUPERKIGAV.PREISECHH (NETTO,ZWEI,DREI,VIER,FUENF,SECHS) values (2250,195,184,153,115,69);
Insert into SUPERKIGAV.PREISECHH (NETTO,ZWEI,DREI,VIER,FUENF,SECHS) values (2301,207,195,164,126,80);
Insert into SUPERKIGAV.PREISECHH (NETTO,ZWEI,DREI,VIER,FUENF,SECHS) values (2352,218,207,176,138,92);
Insert into SUPERKIGAV.PREISECHH (NETTO,ZWEI,DREI,VIER,FUENF,SECHS) values (2403,230,219,188,150,104);
Insert into SUPERKIGAV.PREISECHH (NETTO,ZWEI,DREI,VIER,FUENF,SECHS) values (2454,243,231,200,162,116);
Insert into SUPERKIGAV.PREISECHH (NETTO,ZWEI,DREI,VIER,FUENF,SECHS) values (2505,256,244,214,175,129);
Insert into SUPERKIGAV.PREISECHH (NETTO,ZWEI,DREI,VIER,FUENF,SECHS) values (2556,269,258,227,189,143);
Insert into SUPERKIGAV.PREISECHH (NETTO,ZWEI,DREI,VIER,FUENF,SECHS) values (2608,283,271,241,202,156);
Insert into SUPERKIGAV.PREISECHH (NETTO,ZWEI,DREI,VIER,FUENF,SECHS) values (2659,297,286,255,217,171);
Insert into SUPERKIGAV.PREISECHH (NETTO,ZWEI,DREI,VIER,FUENF,SECHS) values (2710,312,300,269,231,185);
Insert into SUPERKIGAV.PREISECHH (NETTO,ZWEI,DREI,VIER,FUENF,SECHS) values (2761,327,315,285,246,200);
Insert into SUPERKIGAV.PREISECHH (NETTO,ZWEI,DREI,VIER,FUENF,SECHS) values (2812,342,331,300,262,216);
Insert into SUPERKIGAV.PREISECHH (NETTO,ZWEI,DREI,VIER,FUENF,SECHS) values (2863,358,346,315,277,231);
Insert into SUPERKIGAV.PREISECHH (NETTO,ZWEI,DREI,VIER,FUENF,SECHS) values (2914,374,363,332,293,247);
Insert into SUPERKIGAV.PREISECHH (NETTO,ZWEI,DREI,VIER,FUENF,SECHS) values (2965,383,378,348,309,263);
Insert into SUPERKIGAV.PREISECHH (NETTO,ZWEI,DREI,VIER,FUENF,SECHS) values (3017,383,383,364,326,280);
Insert into SUPERKIGAV.PREISECHH (NETTO,ZWEI,DREI,VIER,FUENF,SECHS) values (3068,383,383,380,342,296);
Insert into SUPERKIGAV.PREISECHH (NETTO,ZWEI,DREI,VIER,FUENF,SECHS) values (3119,383,383,383,358,312);
Insert into SUPERKIGAV.PREISECHH (NETTO,ZWEI,DREI,VIER,FUENF,SECHS) values (3170,383,383,383,374,328);
Insert into SUPERKIGAV.PREISECHH (NETTO,ZWEI,DREI,VIER,FUENF,SECHS) values (3221,383,383,383,383,344);
Insert into SUPERKIGAV.PREISECHH (NETTO,ZWEI,DREI,VIER,FUENF,SECHS) values (3272,383,383,383,383,360);
Insert into SUPERKIGAV.PREISECHH (NETTO,ZWEI,DREI,VIER,FUENF,SECHS) values (3323,383,383,383,383,376);
Insert into SUPERKIGAV.PREISECHH (NETTO,ZWEI,DREI,VIER,FUENF,SECHS) values (3375,383,383,383,383,383);
Insert into SUPERKIGAV.PREISECHH (NETTO,ZWEI,DREI,VIER,FUENF,SECHS) values (1000000000,383,383,383,383,383);
REM INSERTING into SUPERKIGAV.PREISEDB
Insert into SUPERKIGAV.PREISEDB (NETTO,ZWEI,DREI,VIER,FUENF,SECHS) values ('1023,0','21','21','21','21','21');
Insert into SUPERKIGAV.PREISEDB (NETTO,ZWEI,DREI,VIER,FUENF,SECHS) values ('1074,0','22','21','21','21','21');
Insert into SUPERKIGAV.PREISEDB (NETTO,ZWEI,DREI,VIER,FUENF,SECHS) values ('1125,0','23','21','21','21','21');
Insert into SUPERKIGAV.PREISEDB (NETTO,ZWEI,DREI,VIER,FUENF,SECHS) values ('1176,0','24','21','21','21','21');
Insert into SUPERKIGAV.PREISEDB (NETTO,ZWEI,DREI,VIER,FUENF,SECHS) values ('1227,0','26','21','21','21','21');
Insert into SUPERKIGAV.PREISEDB (NETTO,ZWEI,DREI,VIER,FUENF,SECHS) values ('1278,0','28','21','21','21','21');
Insert into SUPERKIGAV.PREISEDB (NETTO,ZWEI,DREI,VIER,FUENF,SECHS) values ('1329,0','30','21','21','21','21');
Insert into SUPERKIGAV.PREISEDB (NETTO,ZWEI,DREI,VIER,FUENF,SECHS) values ('1380,0','33','24','21','21','21');
Insert into SUPERKIGAV.PREISEDB (NETTO,ZWEI,DREI,VIER,FUENF,SECHS) values ('1432,0','37','28','21','21','21');
Insert into SUPERKIGAV.PREISEDB (NETTO,ZWEI,DREI,VIER,FUENF,SECHS) values ('1483,0','42','32','21','21','21');
Insert into SUPERKIGAV.PREISEDB (NETTO,ZWEI,DREI,VIER,FUENF,SECHS) values ('1534,0','46','37','21','21','21');
Insert into SUPERKIGAV.PREISEDB (NETTO,ZWEI,DREI,VIER,FUENF,SECHS) values ('1585,0','50','41','21','21','21');
Insert into SUPERKIGAV.PREISEDB (NETTO,ZWEI,DREI,VIER,FUENF,SECHS) values ('1636,0','54','45','21','21','21');
Insert into SUPERKIGAV.PREISEDB (NETTO,ZWEI,DREI,VIER,FUENF,SECHS) values ('1687,0','60','51','26','21','21');
Insert into SUPERKIGAV.PREISEDB (NETTO,ZWEI,DREI,VIER,FUENF,SECHS) values ('1738,0','66','57','32','21','21');
Insert into SUPERKIGAV.PREISEDB (NETTO,ZWEI,DREI,VIER,FUENF,SECHS) values ('1790,0','72','63','39','21','21');
Insert into SUPERKIGAV.PREISEDB (NETTO,ZWEI,DREI,VIER,FUENF,SECHS) values ('1841,0','78','69','45','21','21');
Insert into SUPERKIGAV.PREISEDB (NETTO,ZWEI,DREI,VIER,FUENF,SECHS) values ('1892,0','85','76','51','21','21');
Insert into SUPERKIGAV.PREISEDB (NETTO,ZWEI,DREI,VIER,FUENF,SECHS) values ('1943,0','92','83','59','28','21');
Insert into SUPERKIGAV.PREISEDB (NETTO,ZWEI,DREI,VIER,FUENF,SECHS) values ('1994,0','100','91','67','36','21');
Insert into SUPERKIGAV.PREISEDB (NETTO,ZWEI,DREI,VIER,FUENF,SECHS) values ('2045,0','109','100','75','45','21');
Insert into SUPERKIGAV.PREISEDB (NETTO,ZWEI,DREI,VIER,FUENF,SECHS) values ('2096,0','118','109','85','54','21');
Insert into SUPERKIGAV.PREISEDB (NETTO,ZWEI,DREI,VIER,FUENF,SECHS) values ('2147,0','128','118','94','63','26');
Insert into SUPERKIGAV.PREISEDB (NETTO,ZWEI,DREI,VIER,FUENF,SECHS) values ('2199,0','137','128','103','72','36');
Insert into SUPERKIGAV.PREISEDB (NETTO,ZWEI,DREI,VIER,FUENF,SECHS) values ('2250,0','146','137','112','82','45');
Insert into SUPERKIGAV.PREISEDB (NETTO,ZWEI,DREI,VIER,FUENF,SECHS) values ('2301,0','155','146','121','91','54');
Insert into SUPERKIGAV.PREISEDB (NETTO,ZWEI,DREI,VIER,FUENF,SECHS) values ('2352,0','164','155','131','100','63');
Insert into SUPERKIGAV.PREISEDB (NETTO,ZWEI,DREI,VIER,FUENF,SECHS) values ('2403,0','174','165','140','110','73');
Insert into SUPERKIGAV.PREISEDB (NETTO,ZWEI,DREI,VIER,FUENF,SECHS) values ('2454,0','184','175','151','120','83');
Insert into SUPERKIGAV.PREISEDB (NETTO,ZWEI,DREI,VIER,FUENF,SECHS) values ('2505,0','195','185','161','130','93');
Insert into SUPERKIGAV.PREISEDB (NETTO,ZWEI,DREI,VIER,FUENF,SECHS) values ('2556,0','205','196','172','141','104');
Insert into SUPERKIGAV.PREISEDB (NETTO,ZWEI,DREI,VIER,FUENF,SECHS) values ('2608,0','217','207','183','152','115');
Insert into SUPERKIGAV.PREISEDB (NETTO,ZWEI,DREI,VIER,FUENF,SECHS) values ('2659,0','228','219','194','163','127');
Insert into SUPERKIGAV.PREISEDB (NETTO,ZWEI,DREI,VIER,FUENF,SECHS) values ('2710,0','240','230','206','175','138');
Insert into SUPERKIGAV.PREISEDB (NETTO,ZWEI,DREI,VIER,FUENF,SECHS) values ('2761,0','251','242','218','187','150');
Insert into SUPERKIGAV.PREISEDB (NETTO,ZWEI,DREI,VIER,FUENF,SECHS) values ('2812,0','264','254','230','199','162');
Insert into SUPERKIGAV.PREISEDB (NETTO,ZWEI,DREI,VIER,FUENF,SECHS) values ('2863,0','276','267','243','212','175');
Insert into SUPERKIGAV.PREISEDB (NETTO,ZWEI,DREI,VIER,FUENF,SECHS) values ('2914,0','289','280','255','225','188');
Insert into SUPERKIGAV.PREISEDB (NETTO,ZWEI,DREI,VIER,FUENF,SECHS) values ('2965,0','297','293','268','237','201');
Insert into SUPERKIGAV.PREISEDB (NETTO,ZWEI,DREI,VIER,FUENF,SECHS) values ('3017,0','297','297','281','250','213');
Insert into SUPERKIGAV.PREISEDB (NETTO,ZWEI,DREI,VIER,FUENF,SECHS) values ('3068,0','297','297','294','264','227');
Insert into SUPERKIGAV.PREISEDB (NETTO,ZWEI,DREI,VIER,FUENF,SECHS) values ('3119,0','297','297','297','276','240');
Insert into SUPERKIGAV.PREISEDB (NETTO,ZWEI,DREI,VIER,FUENF,SECHS) values ('3170,0','297','297','297','289','252');
Insert into SUPERKIGAV.PREISEDB (NETTO,ZWEI,DREI,VIER,FUENF,SECHS) values ('3221,0','297','297','297','297','265');
Insert into SUPERKIGAV.PREISEDB (NETTO,ZWEI,DREI,VIER,FUENF,SECHS) values ('3272,0','297','297','297','297','278');
Insert into SUPERKIGAV.PREISEDB (NETTO,ZWEI,DREI,VIER,FUENF,SECHS) values ('3323,0','297','297','297','297','291');
Insert into SUPERKIGAV.PREISEDB (NETTO,ZWEI,DREI,VIER,FUENF,SECHS) values ('3375,0','297','297','297','297','297');
REM INSERTING into SUPERKIGAV.PREISEDHH
Insert into SUPERKIGAV.PREISEDHH (NETTO,ZWEI,DREI,VIER,FUENF,SECHS) values (1023,31,31,31,31,31);
Insert into SUPERKIGAV.PREISEDHH (NETTO,ZWEI,DREI,VIER,FUENF,SECHS) values (1074,32,31,31,31,31);
Insert into SUPERKIGAV.PREISEDHH (NETTO,ZWEI,DREI,VIER,FUENF,SECHS) values (1125,33,31,31,31,31);
Insert into SUPERKIGAV.PREISEDHH (NETTO,ZWEI,DREI,VIER,FUENF,SECHS) values (1176,34,31,31,31,31);
Insert into SUPERKIGAV.PREISEDHH (NETTO,ZWEI,DREI,VIER,FUENF,SECHS) values (1227,36,31,31,31,31);
Insert into SUPERKIGAV.PREISEDHH (NETTO,ZWEI,DREI,VIER,FUENF,SECHS) values (1278,38,31,31,31,31);
Insert into SUPERKIGAV.PREISEDHH (NETTO,ZWEI,DREI,VIER,FUENF,SECHS) values (1329,40,31,31,31,31);
Insert into SUPERKIGAV.PREISEDHH (NETTO,ZWEI,DREI,VIER,FUENF,SECHS) values (1380,43,34,31,31,31);
Insert into SUPERKIGAV.PREISEDHH (NETTO,ZWEI,DREI,VIER,FUENF,SECHS) values (1432,47,38,31,31,31);
Insert into SUPERKIGAV.PREISEDHH (NETTO,ZWEI,DREI,VIER,FUENF,SECHS) values (1483,52,42,31,31,31);
Insert into SUPERKIGAV.PREISEDHH (NETTO,ZWEI,DREI,VIER,FUENF,SECHS) values (1534,56,47,31,31,31);
Insert into SUPERKIGAV.PREISEDHH (NETTO,ZWEI,DREI,VIER,FUENF,SECHS) values (1585,60,51,31,31,31);
Insert into SUPERKIGAV.PREISEDHH (NETTO,ZWEI,DREI,VIER,FUENF,SECHS) values (1636,64,55,31,31,31);
Insert into SUPERKIGAV.PREISEDHH (NETTO,ZWEI,DREI,VIER,FUENF,SECHS) values (1687,70,61,36,31,31);
Insert into SUPERKIGAV.PREISEDHH (NETTO,ZWEI,DREI,VIER,FUENF,SECHS) values (1738,76,67,42,31,31);
Insert into SUPERKIGAV.PREISEDHH (NETTO,ZWEI,DREI,VIER,FUENF,SECHS) values (1790,82,73,49,31,31);
Insert into SUPERKIGAV.PREISEDHH (NETTO,ZWEI,DREI,VIER,FUENF,SECHS) values (1841,88,79,55,31,31);
Insert into SUPERKIGAV.PREISEDHH (NETTO,ZWEI,DREI,VIER,FUENF,SECHS) values (1892,95,86,61,31,31);
Insert into SUPERKIGAV.PREISEDHH (NETTO,ZWEI,DREI,VIER,FUENF,SECHS) values (1943,102,93,69,38,31);
Insert into SUPERKIGAV.PREISEDHH (NETTO,ZWEI,DREI,VIER,FUENF,SECHS) values (1994,110,101,77,46,31);
Insert into SUPERKIGAV.PREISEDHH (NETTO,ZWEI,DREI,VIER,FUENF,SECHS) values (2045,119,110,85,55,31);
Insert into SUPERKIGAV.PREISEDHH (NETTO,ZWEI,DREI,VIER,FUENF,SECHS) values (2096,128,119,95,64,31);
Insert into SUPERKIGAV.PREISEDHH (NETTO,ZWEI,DREI,VIER,FUENF,SECHS) values (2147,138,128,104,73,36);
Insert into SUPERKIGAV.PREISEDHH (NETTO,ZWEI,DREI,VIER,FUENF,SECHS) values (2199,147,138,113,82,46);
Insert into SUPERKIGAV.PREISEDHH (NETTO,ZWEI,DREI,VIER,FUENF,SECHS) values (2250,156,147,122,92,55);
Insert into SUPERKIGAV.PREISEDHH (NETTO,ZWEI,DREI,VIER,FUENF,SECHS) values (2301,165,156,131,101,64);
Insert into SUPERKIGAV.PREISEDHH (NETTO,ZWEI,DREI,VIER,FUENF,SECHS) values (2352,174,165,141,110,73);
Insert into SUPERKIGAV.PREISEDHH (NETTO,ZWEI,DREI,VIER,FUENF,SECHS) values (2403,184,175,150,120,83);
Insert into SUPERKIGAV.PREISEDHH (NETTO,ZWEI,DREI,VIER,FUENF,SECHS) values (2454,194,185,161,130,93);
Insert into SUPERKIGAV.PREISEDHH (NETTO,ZWEI,DREI,VIER,FUENF,SECHS) values (2505,205,195,171,140,103);
Insert into SUPERKIGAV.PREISEDHH (NETTO,ZWEI,DREI,VIER,FUENF,SECHS) values (2556,215,206,182,151,114);
Insert into SUPERKIGAV.PREISEDHH (NETTO,ZWEI,DREI,VIER,FUENF,SECHS) values (2608,227,217,193,162,125);
Insert into SUPERKIGAV.PREISEDHH (NETTO,ZWEI,DREI,VIER,FUENF,SECHS) values (2659,238,229,204,173,137);
Insert into SUPERKIGAV.PREISEDHH (NETTO,ZWEI,DREI,VIER,FUENF,SECHS) values (2710,250,240,216,185,148);
Insert into SUPERKIGAV.PREISEDHH (NETTO,ZWEI,DREI,VIER,FUENF,SECHS) values (2761,261,252,228,197,160);
Insert into SUPERKIGAV.PREISEDHH (NETTO,ZWEI,DREI,VIER,FUENF,SECHS) values (2812,274,264,240,209,172);
Insert into SUPERKIGAV.PREISEDHH (NETTO,ZWEI,DREI,VIER,FUENF,SECHS) values (2863,286,277,253,222,185);
Insert into SUPERKIGAV.PREISEDHH (NETTO,ZWEI,DREI,VIER,FUENF,SECHS) values (2914,299,290,265,235,198);
Insert into SUPERKIGAV.PREISEDHH (NETTO,ZWEI,DREI,VIER,FUENF,SECHS) values (2965,307,303,278,247,211);
Insert into SUPERKIGAV.PREISEDHH (NETTO,ZWEI,DREI,VIER,FUENF,SECHS) values (3017,307,307,291,260,223);
Insert into SUPERKIGAV.PREISEDHH (NETTO,ZWEI,DREI,VIER,FUENF,SECHS) values (3068,307,307,304,274,237);
Insert into SUPERKIGAV.PREISEDHH (NETTO,ZWEI,DREI,VIER,FUENF,SECHS) values (3119,307,307,307,286,250);
Insert into SUPERKIGAV.PREISEDHH (NETTO,ZWEI,DREI,VIER,FUENF,SECHS) values (3170,307,307,307,299,262);
Insert into SUPERKIGAV.PREISEDHH (NETTO,ZWEI,DREI,VIER,FUENF,SECHS) values (3221,307,307,307,307,275);
Insert into SUPERKIGAV.PREISEDHH (NETTO,ZWEI,DREI,VIER,FUENF,SECHS) values (3272,307,307,307,307,288);
Insert into SUPERKIGAV.PREISEDHH (NETTO,ZWEI,DREI,VIER,FUENF,SECHS) values (3323,307,307,307,307,301);
Insert into SUPERKIGAV.PREISEDHH (NETTO,ZWEI,DREI,VIER,FUENF,SECHS) values (3375,307,307,307,307,307);
Insert into SUPERKIGAV.PREISEDHH (NETTO,ZWEI,DREI,VIER,FUENF,SECHS) values (10000000000000,307,307,307,307,307);
REM INSERTING into SUPERKIGAV.PREISEEB
Insert into SUPERKIGAV.PREISEEB (NETTO,ZWEI,DREI,VIER,FUENF,SECHS) values ('1023,0','16','16','16','16','16');
Insert into SUPERKIGAV.PREISEEB (NETTO,ZWEI,DREI,VIER,FUENF,SECHS) values ('1074,0','17','16','16','16','16');
Insert into SUPERKIGAV.PREISEEB (NETTO,ZWEI,DREI,VIER,FUENF,SECHS) values ('1125,0','18','16','16','16','16');
Insert into SUPERKIGAV.PREISEEB (NETTO,ZWEI,DREI,VIER,FUENF,SECHS) values ('1176,0','19','16','16','16','16');
Insert into SUPERKIGAV.PREISEEB (NETTO,ZWEI,DREI,VIER,FUENF,SECHS) values ('1227,0','20','16','16','16','16');
Insert into SUPERKIGAV.PREISEEB (NETTO,ZWEI,DREI,VIER,FUENF,SECHS) values ('1278,0','22','16','16','16','16');
Insert into SUPERKIGAV.PREISEEB (NETTO,ZWEI,DREI,VIER,FUENF,SECHS) values ('1329,0','24','16','16','16','16');
Insert into SUPERKIGAV.PREISEEB (NETTO,ZWEI,DREI,VIER,FUENF,SECHS) values ('1380,0','26','19','16','16','16');
Insert into SUPERKIGAV.PREISEEB (NETTO,ZWEI,DREI,VIER,FUENF,SECHS) values ('1432,0','29','22','16','16','16');
Insert into SUPERKIGAV.PREISEEB (NETTO,ZWEI,DREI,VIER,FUENF,SECHS) values ('1483,0','33','25','16','16','16');
Insert into SUPERKIGAV.PREISEEB (NETTO,ZWEI,DREI,VIER,FUENF,SECHS) values ('1534,0','37','29','16','16','16');
Insert into SUPERKIGAV.PREISEEB (NETTO,ZWEI,DREI,VIER,FUENF,SECHS) values ('1585,0','40','32','16','16','16');
Insert into SUPERKIGAV.PREISEEB (NETTO,ZWEI,DREI,VIER,FUENF,SECHS) values ('1636,0','44','36','16','16','16');
Insert into SUPERKIGAV.PREISEEB (NETTO,ZWEI,DREI,VIER,FUENF,SECHS) values ('1687,0','48','41','20','16','16');
Insert into SUPERKIGAV.PREISEEB (NETTO,ZWEI,DREI,VIER,FUENF,SECHS) values ('1738,0','53','46','25','16','16');
Insert into SUPERKIGAV.PREISEEB (NETTO,ZWEI,DREI,VIER,FUENF,SECHS) values ('1790,0','59','51','30','16','16');
Insert into SUPERKIGAV.PREISEEB (NETTO,ZWEI,DREI,VIER,FUENF,SECHS) values ('1841,0','64','56','36','16','16');
Insert into SUPERKIGAV.PREISEEB (NETTO,ZWEI,DREI,VIER,FUENF,SECHS) values ('1892,0','69','62','41','16','16');
Insert into SUPERKIGAV.PREISEEB (NETTO,ZWEI,DREI,VIER,FUENF,SECHS) values ('1943,0','75','68','47','22','16');
Insert into SUPERKIGAV.PREISEEB (NETTO,ZWEI,DREI,VIER,FUENF,SECHS) values ('1994,0','82','74','54','28','16');
Insert into SUPERKIGAV.PREISEEB (NETTO,ZWEI,DREI,VIER,FUENF,SECHS) values ('2045,0','89','82','61','36','16');
Insert into SUPERKIGAV.PREISEEB (NETTO,ZWEI,DREI,VIER,FUENF,SECHS) values ('2096,0','97','89','69','43','16');
Insert into SUPERKIGAV.PREISEEB (NETTO,ZWEI,DREI,VIER,FUENF,SECHS) values ('2147,0','105','97','76','51','20');
Insert into SUPERKIGAV.PREISEEB (NETTO,ZWEI,DREI,VIER,FUENF,SECHS) values ('2199,0','112','105','84','59','28');
Insert into SUPERKIGAV.PREISEEB (NETTO,ZWEI,DREI,VIER,FUENF,SECHS) values ('2250,0','120','112','92','66','36');
Insert into SUPERKIGAV.PREISEEB (NETTO,ZWEI,DREI,VIER,FUENF,SECHS) values ('2301,0','128','120','99','74','43');
Insert into SUPERKIGAV.PREISEEB (NETTO,ZWEI,DREI,VIER,FUENF,SECHS) values ('2352,0','135','128','107','82','51');
Insert into SUPERKIGAV.PREISEEB (NETTO,ZWEI,DREI,VIER,FUENF,SECHS) values ('2403,0','143','136','115','90','59');
Insert into SUPERKIGAV.PREISEEB (NETTO,ZWEI,DREI,VIER,FUENF,SECHS) values ('2454,0','143','143','124','98','68');
Insert into SUPERKIGAV.PREISEEB (NETTO,ZWEI,DREI,VIER,FUENF,SECHS) values ('2505,0','143','143','133','107','76');
Insert into SUPERKIGAV.PREISEEB (NETTO,ZWEI,DREI,VIER,FUENF,SECHS) values ('2556,0','143','143','141','116','85');
Insert into SUPERKIGAV.PREISEEB (NETTO,ZWEI,DREI,VIER,FUENF,SECHS) values ('2608,0','143','143','143','125','94');
Insert into SUPERKIGAV.PREISEEB (NETTO,ZWEI,DREI,VIER,FUENF,SECHS) values ('2659,0','143','143','143','135','104');
Insert into SUPERKIGAV.PREISEEB (NETTO,ZWEI,DREI,VIER,FUENF,SECHS) values ('2710,0','143','143','143','143','114');
Insert into SUPERKIGAV.PREISEEB (NETTO,ZWEI,DREI,VIER,FUENF,SECHS) values ('2761,0','143','143','143','143','123');
Insert into SUPERKIGAV.PREISEEB (NETTO,ZWEI,DREI,VIER,FUENF,SECHS) values ('2812,0','143','143','143','143','134');
Insert into SUPERKIGAV.PREISEEB (NETTO,ZWEI,DREI,VIER,FUENF,SECHS) values ('2863,0','143','143','143','143','143');
Insert into SUPERKIGAV.PREISEEB (NETTO,ZWEI,DREI,VIER,FUENF,SECHS) values ('2914,0','143','143','143','143','143');
Insert into SUPERKIGAV.PREISEEB (NETTO,ZWEI,DREI,VIER,FUENF,SECHS) values ('2965,0','143','143','143','143','143');
Insert into SUPERKIGAV.PREISEEB (NETTO,ZWEI,DREI,VIER,FUENF,SECHS) values ('3017,0','143','143','143','143','143');
Insert into SUPERKIGAV.PREISEEB (NETTO,ZWEI,DREI,VIER,FUENF,SECHS) values ('3068,0','143','143','143','143','143');
Insert into SUPERKIGAV.PREISEEB (NETTO,ZWEI,DREI,VIER,FUENF,SECHS) values ('3119,0','143','143','143','143','143');
Insert into SUPERKIGAV.PREISEEB (NETTO,ZWEI,DREI,VIER,FUENF,SECHS) values ('3170,0','143','143','143','143','143');
Insert into SUPERKIGAV.PREISEEB (NETTO,ZWEI,DREI,VIER,FUENF,SECHS) values ('3221,0','143','143','143','143','143');
Insert into SUPERKIGAV.PREISEEB (NETTO,ZWEI,DREI,VIER,FUENF,SECHS) values ('3272,0','143','143','143','143','143');
Insert into SUPERKIGAV.PREISEEB (NETTO,ZWEI,DREI,VIER,FUENF,SECHS) values ('3323,0','143','143','143','143','143');
Insert into SUPERKIGAV.PREISEEB (NETTO,ZWEI,DREI,VIER,FUENF,SECHS) values ('3375,0','143','143','143','143','143');
REM INSERTING into SUPERKIGAV.PREISEEHH
Insert into SUPERKIGAV.PREISEEHH (NETTO,ZWEI,DREI,VIER,FUENF,SECHS) values (1023,26,26,26,26,26);
Insert into SUPERKIGAV.PREISEEHH (NETTO,ZWEI,DREI,VIER,FUENF,SECHS) values (1074,27,26,26,26,26);
Insert into SUPERKIGAV.PREISEEHH (NETTO,ZWEI,DREI,VIER,FUENF,SECHS) values (1125,28,26,26,26,26);
Insert into SUPERKIGAV.PREISEEHH (NETTO,ZWEI,DREI,VIER,FUENF,SECHS) values (1176,29,26,26,26,26);
Insert into SUPERKIGAV.PREISEEHH (NETTO,ZWEI,DREI,VIER,FUENF,SECHS) values (1227,30,26,26,26,26);
Insert into SUPERKIGAV.PREISEEHH (NETTO,ZWEI,DREI,VIER,FUENF,SECHS) values (1278,32,26,26,26,26);
Insert into SUPERKIGAV.PREISEEHH (NETTO,ZWEI,DREI,VIER,FUENF,SECHS) values (1329,34,26,26,26,26);
Insert into SUPERKIGAV.PREISEEHH (NETTO,ZWEI,DREI,VIER,FUENF,SECHS) values (1380,36,29,26,26,26);
Insert into SUPERKIGAV.PREISEEHH (NETTO,ZWEI,DREI,VIER,FUENF,SECHS) values (1432,39,32,26,26,26);
Insert into SUPERKIGAV.PREISEEHH (NETTO,ZWEI,DREI,VIER,FUENF,SECHS) values (1483,43,35,26,26,26);
Insert into SUPERKIGAV.PREISEEHH (NETTO,ZWEI,DREI,VIER,FUENF,SECHS) values (1534,47,39,26,26,26);
Insert into SUPERKIGAV.PREISEEHH (NETTO,ZWEI,DREI,VIER,FUENF,SECHS) values (1585,50,42,26,26,26);
Insert into SUPERKIGAV.PREISEEHH (NETTO,ZWEI,DREI,VIER,FUENF,SECHS) values (1636,54,46,26,26,26);
Insert into SUPERKIGAV.PREISEEHH (NETTO,ZWEI,DREI,VIER,FUENF,SECHS) values (1687,58,51,30,26,26);
Insert into SUPERKIGAV.PREISEEHH (NETTO,ZWEI,DREI,VIER,FUENF,SECHS) values (1738,63,56,35,26,26);
Insert into SUPERKIGAV.PREISEEHH (NETTO,ZWEI,DREI,VIER,FUENF,SECHS) values (1790,69,61,40,26,26);
Insert into SUPERKIGAV.PREISEEHH (NETTO,ZWEI,DREI,VIER,FUENF,SECHS) values (1841,74,66,46,26,26);
Insert into SUPERKIGAV.PREISEEHH (NETTO,ZWEI,DREI,VIER,FUENF,SECHS) values (1892,79,72,51,26,26);
Insert into SUPERKIGAV.PREISEEHH (NETTO,ZWEI,DREI,VIER,FUENF,SECHS) values (1943,85,78,57,32,26);
Insert into SUPERKIGAV.PREISEEHH (NETTO,ZWEI,DREI,VIER,FUENF,SECHS) values (1994,92,84,64,38,26);
Insert into SUPERKIGAV.PREISEEHH (NETTO,ZWEI,DREI,VIER,FUENF,SECHS) values (2045,99,92,71,46,26);
Insert into SUPERKIGAV.PREISEEHH (NETTO,ZWEI,DREI,VIER,FUENF,SECHS) values (2096,107,99,79,53,26);
Insert into SUPERKIGAV.PREISEEHH (NETTO,ZWEI,DREI,VIER,FUENF,SECHS) values (2147,115,107,86,61,30);
Insert into SUPERKIGAV.PREISEEHH (NETTO,ZWEI,DREI,VIER,FUENF,SECHS) values (2199,122,115,94,69,38);
Insert into SUPERKIGAV.PREISEEHH (NETTO,ZWEI,DREI,VIER,FUENF,SECHS) values (2250,130,122,102,76,46);
Insert into SUPERKIGAV.PREISEEHH (NETTO,ZWEI,DREI,VIER,FUENF,SECHS) values (2301,138,130,109,84,53);
Insert into SUPERKIGAV.PREISEEHH (NETTO,ZWEI,DREI,VIER,FUENF,SECHS) values (2352,145,138,117,92,61);
Insert into SUPERKIGAV.PREISEEHH (NETTO,ZWEI,DREI,VIER,FUENF,SECHS) values (2403,153,146,125,100,69);
Insert into SUPERKIGAV.PREISEEHH (NETTO,ZWEI,DREI,VIER,FUENF,SECHS) values (2454,153,153,134,108,78);
Insert into SUPERKIGAV.PREISEEHH (NETTO,ZWEI,DREI,VIER,FUENF,SECHS) values (2505,153,153,143,117,86);
Insert into SUPERKIGAV.PREISEEHH (NETTO,ZWEI,DREI,VIER,FUENF,SECHS) values (2556,153,153,151,126,95);
Insert into SUPERKIGAV.PREISEEHH (NETTO,ZWEI,DREI,VIER,FUENF,SECHS) values (2608,153,153,153,135,104);
Insert into SUPERKIGAV.PREISEEHH (NETTO,ZWEI,DREI,VIER,FUENF,SECHS) values (2659,153,153,153,145,114);
Insert into SUPERKIGAV.PREISEEHH (NETTO,ZWEI,DREI,VIER,FUENF,SECHS) values (2710,153,153,153,153,124);
Insert into SUPERKIGAV.PREISEEHH (NETTO,ZWEI,DREI,VIER,FUENF,SECHS) values (2761,153,153,153,153,133);
Insert into SUPERKIGAV.PREISEEHH (NETTO,ZWEI,DREI,VIER,FUENF,SECHS) values (2812,153,153,153,153,144);
Insert into SUPERKIGAV.PREISEEHH (NETTO,ZWEI,DREI,VIER,FUENF,SECHS) values (2863,153,153,153,153,153);
Insert into SUPERKIGAV.PREISEEHH (NETTO,ZWEI,DREI,VIER,FUENF,SECHS) values (2914,153,153,153,153,153);
Insert into SUPERKIGAV.PREISEEHH (NETTO,ZWEI,DREI,VIER,FUENF,SECHS) values (2965,153,153,153,153,153);
Insert into SUPERKIGAV.PREISEEHH (NETTO,ZWEI,DREI,VIER,FUENF,SECHS) values (3017,153,153,153,153,153);
Insert into SUPERKIGAV.PREISEEHH (NETTO,ZWEI,DREI,VIER,FUENF,SECHS) values (3068,153,153,153,153,153);
Insert into SUPERKIGAV.PREISEEHH (NETTO,ZWEI,DREI,VIER,FUENF,SECHS) values (3119,153,153,153,153,153);
Insert into SUPERKIGAV.PREISEEHH (NETTO,ZWEI,DREI,VIER,FUENF,SECHS) values (3170,153,153,153,153,153);
Insert into SUPERKIGAV.PREISEEHH (NETTO,ZWEI,DREI,VIER,FUENF,SECHS) values (3221,153,153,153,153,153);
Insert into SUPERKIGAV.PREISEEHH (NETTO,ZWEI,DREI,VIER,FUENF,SECHS) values (3272,153,153,153,153,153);
Insert into SUPERKIGAV.PREISEEHH (NETTO,ZWEI,DREI,VIER,FUENF,SECHS) values (3323,153,153,153,153,153);
Insert into SUPERKIGAV.PREISEEHH (NETTO,ZWEI,DREI,VIER,FUENF,SECHS) values (3375,153,153,153,153,153);
Insert into SUPERKIGAV.PREISEEHH (NETTO,ZWEI,DREI,VIER,FUENF,SECHS) values (1000000000000,153,153,153,153,153);
--------------------------------------------------------
--  DDL for Index PK_PREISEA
--------------------------------------------------------

  CREATE UNIQUE INDEX "SUPERKIGAV"."PK_PREISEA" ON "SUPERKIGAV"."PREISEAHH" ("NETTO") 
  PCTFREE 10 INITRANS 2 MAXTRANS 255 COMPUTE STATISTICS 
  STORAGE(INITIAL 65536 NEXT 1048576 MINEXTENTS 1 MAXEXTENTS 2147483645
  PCTINCREASE 0 FREELISTS 1 FREELIST GROUPS 1 BUFFER_POOL DEFAULT)
  TABLESPACE "USERS" ;
--------------------------------------------------------
--  DDL for Index PK_PREISEB
--------------------------------------------------------

  CREATE UNIQUE INDEX "SUPERKIGAV"."PK_PREISEB" ON "SUPERKIGAV"."PREISEBHH" ("NETTO") 
  PCTFREE 10 INITRANS 2 MAXTRANS 255 COMPUTE STATISTICS 
  STORAGE(INITIAL 65536 NEXT 1048576 MINEXTENTS 1 MAXEXTENTS 2147483645
  PCTINCREASE 0 FREELISTS 1 FREELIST GROUPS 1 BUFFER_POOL DEFAULT)
  TABLESPACE "USERS" ;
--------------------------------------------------------
--  DDL for Index PK_PREISEC
--------------------------------------------------------

  CREATE UNIQUE INDEX "SUPERKIGAV"."PK_PREISEC" ON "SUPERKIGAV"."PREISECHH" ("NETTO") 
  PCTFREE 10 INITRANS 2 MAXTRANS 255 COMPUTE STATISTICS 
  STORAGE(INITIAL 65536 NEXT 1048576 MINEXTENTS 1 MAXEXTENTS 2147483645
  PCTINCREASE 0 FREELISTS 1 FREELIST GROUPS 1 BUFFER_POOL DEFAULT)
  TABLESPACE "USERS" ;
--------------------------------------------------------
--  DDL for Index PK_PREISED
--------------------------------------------------------

  CREATE UNIQUE INDEX "SUPERKIGAV"."PK_PREISED" ON "SUPERKIGAV"."PREISEDHH" ("NETTO") 
  PCTFREE 10 INITRANS 2 MAXTRANS 255 COMPUTE STATISTICS 
  STORAGE(INITIAL 65536 NEXT 1048576 MINEXTENTS 1 MAXEXTENTS 2147483645
  PCTINCREASE 0 FREELISTS 1 FREELIST GROUPS 1 BUFFER_POOL DEFAULT)
  TABLESPACE "USERS" ;
--------------------------------------------------------
--  DDL for Index PK_PREISEE
--------------------------------------------------------

  CREATE UNIQUE INDEX "SUPERKIGAV"."PK_PREISEE" ON "SUPERKIGAV"."PREISEEHH" ("NETTO") 
  PCTFREE 10 INITRANS 2 MAXTRANS 255 COMPUTE STATISTICS 
  STORAGE(INITIAL 65536 NEXT 1048576 MINEXTENTS 1 MAXEXTENTS 2147483645
  PCTINCREASE 0 FREELISTS 1 FREELIST GROUPS 1 BUFFER_POOL DEFAULT)
  TABLESPACE "USERS" ;
--------------------------------------------------------
--  Constraints for Table PREISEAHH
--------------------------------------------------------

  ALTER TABLE "SUPERKIGAV"."PREISEAHH" ADD CONSTRAINT "PK_PREISEA" PRIMARY KEY ("NETTO")
  USING INDEX PCTFREE 10 INITRANS 2 MAXTRANS 255 COMPUTE STATISTICS 
  STORAGE(INITIAL 65536 NEXT 1048576 MINEXTENTS 1 MAXEXTENTS 2147483645
  PCTINCREASE 0 FREELISTS 1 FREELIST GROUPS 1 BUFFER_POOL DEFAULT)
  TABLESPACE "USERS"  ENABLE;
 
  ALTER TABLE "SUPERKIGAV"."PREISEAHH" MODIFY ("NETTO" NOT NULL ENABLE);
 
  ALTER TABLE "SUPERKIGAV"."PREISEAHH" MODIFY ("ZWEI" NOT NULL ENABLE);
 
  ALTER TABLE "SUPERKIGAV"."PREISEAHH" MODIFY ("DREI" NOT NULL ENABLE);
 
  ALTER TABLE "SUPERKIGAV"."PREISEAHH" MODIFY ("VIER" NOT NULL ENABLE);
 
  ALTER TABLE "SUPERKIGAV"."PREISEAHH" MODIFY ("FUENF" NOT NULL ENABLE);
 
  ALTER TABLE "SUPERKIGAV"."PREISEAHH" MODIFY ("SECHS" NOT NULL ENABLE);
--------------------------------------------------------
--  Constraints for Table PREISEBHH
--------------------------------------------------------

  ALTER TABLE "SUPERKIGAV"."PREISEBHH" ADD CONSTRAINT "PK_PREISEB" PRIMARY KEY ("NETTO")
  USING INDEX PCTFREE 10 INITRANS 2 MAXTRANS 255 COMPUTE STATISTICS 
  STORAGE(INITIAL 65536 NEXT 1048576 MINEXTENTS 1 MAXEXTENTS 2147483645
  PCTINCREASE 0 FREELISTS 1 FREELIST GROUPS 1 BUFFER_POOL DEFAULT)
  TABLESPACE "USERS"  ENABLE;
 
  ALTER TABLE "SUPERKIGAV"."PREISEBHH" MODIFY ("NETTO" NOT NULL ENABLE);
 
  ALTER TABLE "SUPERKIGAV"."PREISEBHH" MODIFY ("ZWEI" NOT NULL ENABLE);
 
  ALTER TABLE "SUPERKIGAV"."PREISEBHH" MODIFY ("DREI" NOT NULL ENABLE);
 
  ALTER TABLE "SUPERKIGAV"."PREISEBHH" MODIFY ("VIER" NOT NULL ENABLE);
 
  ALTER TABLE "SUPERKIGAV"."PREISEBHH" MODIFY ("FUENF" NOT NULL ENABLE);
 
  ALTER TABLE "SUPERKIGAV"."PREISEBHH" MODIFY ("SECHS" NOT NULL ENABLE);
--------------------------------------------------------
--  Constraints for Table PREISECHH
--------------------------------------------------------

  ALTER TABLE "SUPERKIGAV"."PREISECHH" ADD CONSTRAINT "PK_PREISEC" PRIMARY KEY ("NETTO")
  USING INDEX PCTFREE 10 INITRANS 2 MAXTRANS 255 COMPUTE STATISTICS 
  STORAGE(INITIAL 65536 NEXT 1048576 MINEXTENTS 1 MAXEXTENTS 2147483645
  PCTINCREASE 0 FREELISTS 1 FREELIST GROUPS 1 BUFFER_POOL DEFAULT)
  TABLESPACE "USERS"  ENABLE;
 
  ALTER TABLE "SUPERKIGAV"."PREISECHH" MODIFY ("NETTO" NOT NULL ENABLE);
 
  ALTER TABLE "SUPERKIGAV"."PREISECHH" MODIFY ("ZWEI" NOT NULL ENABLE);
 
  ALTER TABLE "SUPERKIGAV"."PREISECHH" MODIFY ("DREI" NOT NULL ENABLE);
 
  ALTER TABLE "SUPERKIGAV"."PREISECHH" MODIFY ("VIER" NOT NULL ENABLE);
 
  ALTER TABLE "SUPERKIGAV"."PREISECHH" MODIFY ("FUENF" NOT NULL ENABLE);
 
  ALTER TABLE "SUPERKIGAV"."PREISECHH" MODIFY ("SECHS" NOT NULL ENABLE);
--------------------------------------------------------
--  Constraints for Table PREISEDHH
--------------------------------------------------------

  ALTER TABLE "SUPERKIGAV"."PREISEDHH" ADD CONSTRAINT "PK_PREISED" PRIMARY KEY ("NETTO")
  USING INDEX PCTFREE 10 INITRANS 2 MAXTRANS 255 COMPUTE STATISTICS 
  STORAGE(INITIAL 65536 NEXT 1048576 MINEXTENTS 1 MAXEXTENTS 2147483645
  PCTINCREASE 0 FREELISTS 1 FREELIST GROUPS 1 BUFFER_POOL DEFAULT)
  TABLESPACE "USERS"  ENABLE;
 
  ALTER TABLE "SUPERKIGAV"."PREISEDHH" MODIFY ("NETTO" NOT NULL ENABLE);
 
  ALTER TABLE "SUPERKIGAV"."PREISEDHH" MODIFY ("ZWEI" NOT NULL ENABLE);
 
  ALTER TABLE "SUPERKIGAV"."PREISEDHH" MODIFY ("DREI" NOT NULL ENABLE);
 
  ALTER TABLE "SUPERKIGAV"."PREISEDHH" MODIFY ("VIER" NOT NULL ENABLE);
 
  ALTER TABLE "SUPERKIGAV"."PREISEDHH" MODIFY ("FUENF" NOT NULL ENABLE);
 
  ALTER TABLE "SUPERKIGAV"."PREISEDHH" MODIFY ("SECHS" NOT NULL ENABLE);
--------------------------------------------------------
--  Constraints for Table PREISEEHH
--------------------------------------------------------

  ALTER TABLE "SUPERKIGAV"."PREISEEHH" ADD CONSTRAINT "PK_PREISEE" PRIMARY KEY ("NETTO")
  USING INDEX PCTFREE 10 INITRANS 2 MAXTRANS 255 COMPUTE STATISTICS 
  STORAGE(INITIAL 65536 NEXT 1048576 MINEXTENTS 1 MAXEXTENTS 2147483645
  PCTINCREASE 0 FREELISTS 1 FREELIST GROUPS 1 BUFFER_POOL DEFAULT)
  TABLESPACE "USERS"  ENABLE;
 
  ALTER TABLE "SUPERKIGAV"."PREISEEHH" MODIFY ("NETTO" NOT NULL ENABLE);
 
  ALTER TABLE "SUPERKIGAV"."PREISEEHH" MODIFY ("ZWEI" NOT NULL ENABLE);
 
  ALTER TABLE "SUPERKIGAV"."PREISEEHH" MODIFY ("DREI" NOT NULL ENABLE);
 
  ALTER TABLE "SUPERKIGAV"."PREISEEHH" MODIFY ("VIER" NOT NULL ENABLE);
 
  ALTER TABLE "SUPERKIGAV"."PREISEEHH" MODIFY ("FUENF" NOT NULL ENABLE);
 
  ALTER TABLE "SUPERKIGAV"."PREISEEHH" MODIFY ("SECHS" NOT NULL ENABLE);

insert into PreiseAB values(0,39,39,39,39,39);
insert into PreiseAHH values(0,49,49,49,49,49);
insert into PreiseBHH values(0,43,43,43,43,43);
insert into PreiseBB values(0,33,33,33,33,33);
insert into PreiseCB values(0,28,28,28,28,28);
insert into PreiseCHH values(0,38,38,38,38,38);
insert into PreiseDB select 0 as Netto,Zwei,Drei,Vier,Fuenf,Sechs from PreiseDB where rownum = 1;
insert into PreiseDHH select 0 as Netto,Zwei,Drei,Vier,Fuenf,Sechs from PreiseDHH where rownum = 1;
insert into PreiseEHH select 0 as Netto,Zwei,Drei,Vier,Fuenf,Sechs from PreiseEHH where rownum = 1;
insert into PreiseEB select 0 as Netto,Zwei,Drei,Vier,Fuenf,Sechs from PreiseEB where rownum = 1;




